timestamp,open,high,low,close,volume
2025-10-28T08:00:00,65000.00,65100.00,64900.00,65050.00,1234567.89
2025-10-28T08:15:00,65050.00,65200.00,65000.00,65150.00,1456789.12
2025-10-28T08:30:00,65150.00,65300.00,65100.00,65250.00,1567890.23
2025-10-28T08:45:00,65250.00,65400.00,65200.00,65350.00,1678901.34
2025-10-28T09:00:00,65350.00,65500.00,65300.00,65450.00,1789012.45
2025-10-28T09:15:00,65450.00,65600.00,65400.00,65550.00,1890123.56
2025-10-28T09:30:00,65550.00,65700.00,65500.00,65650.00,1901234.67
2025-10-28T09:45:00,65650.00,65800.00,65600.00,65750.00,2012345.78
2025-10-28T10:00:00,65750.00,65900.00,65700.00,65850.00,2123456.89
